Protein_ID,epitope_start,epitope_end,Best_Epitope_Sequence,epitope_length,Avg_Consensus_Score,Max_Consensus_Score,vote_count,num_predictors_agree,Protegenicity_Score,antigenicity_score,Subcellular_Location,Immunogenicity_Rank,Recommendation,Composite_Score,bepipred_score,discotope_score,graphbepi_score,epigraph_score,vaxignml_score,Rank
OmpC_ECOLI,185,223,RDTARRSNGDGVGGSITYEVTGKNGSQSQPYSGNTNGAI,39,0.5608,0.6093,39,1,0,0.0,Unknown,999,LOW,0.3383,0.5608366952028813,,,,,1
OmpC_ECOLI,84,106,YNFQGNNSEGADAQTGNKTRLAF,23,0.5963,0.6303,23,1,0,0.0,Unknown,999,LOW,0.3377,0.5962625991278133,,,,,2
LamB_ECOLI,172,200,SEAGGSSFATYERYLAADGAWRHDAETGT,29,0.5409,0.5864,29,1,0,0.0,Unknown,999,LOW,0.3308,0.5408796648492146,,,,,3
OmpC_ECOLI,251,271,YNFQGNNSEGADAQTGNKTRL,21,0.5843,0.6208,21,1,0,0.0,Unknown,999,LOW,0.3303,0.5843352793665443,,,,,4
OmpA_ECOLI,194,212,GEAAPVVAPAPAPAPEVQT,19,0.5518,0.5916,19,1,0,0.0,Unknown,999,LOW,0.3164,0.5518194715639294,,,,,5
PhoE_ECOLI,217,232,DRTNLQEAQPLGNGKK,16,0.5715,0.6057,16,1,0,0.0,Unknown,999,LOW,0.3152,0.5715140568489221,,,,,6
OmpA_ECOLI,308,322,GNTCDNVKQRAALID,15,0.5801,0.6339,15,1,0,0.0,Unknown,999,LOW,0.3151,0.5800507966776596,,,,,7
PhoE_ECOLI,44,59,FSKGNGENSYGGNGDM,16,0.5654,0.6062,16,1,0,0.0,Unknown,999,LOW,0.3134,0.5654370903689677,,,,,8
PhoE_ECOLI,87,101,QGNNSEGADAQTGNK,15,0.5695,0.6047,15,1,0,0.0,Unknown,999,LOW,0.312,0.5694905420003954,,,,,9
LamB_ECOLI,91,105,YSVAQQNDWEATDPA,15,0.5666,0.6057,15,1,0,0.0,Unknown,999,LOW,0.3111,0.5665647975452061,,,,,10
OmpC_ECOLI,44,59,FSKGNGENSYGGNGDM,16,0.5564,0.6048,16,1,0,0.0,Unknown,999,LOW,0.3107,0.5564261340982966,,,,,11
FimH_ECOLI,106,122,PTTSETPRVVYNSRTDK,17,0.5461,0.62,17,1,0,0.0,Unknown,999,LOW,0.3101,0.5460997889594029,,,,,12
OmpA_ECOLI,43,55,GFINNNGPTHENQ,13,0.5628,0.6011,13,1,0,0.0,Unknown,999,LOW,0.3041,0.5628219256663023,,,,,13
PhoE_ECOLI,182,192,KNERDTARRSN,11,0.5689,0.6066,11,1,0,0.0,Unknown,999,LOW,0.2992,0.5689313774480783,,,,,14
FimH_ECOLI,155,164,TNNYNSDDFQ,10,0.5723,0.5956,10,1,0,0.0,Unknown,999,LOW,0.2964,0.5722571918064979,,,,,15
OmpA_ECOLI,130,139,NVYGKNHDTG,10,0.5618,0.6071,10,1,0,0.0,Unknown,999,LOW,0.2933,0.5617963844150108,,,,,16
FimH_ECOLI,66,74,HNDYPETIT,9,0.5634,0.6006,9,1,0,0.0,Unknown,999,LOW,0.2896,0.563375105407428,,,,,17
PhoE_ECOLI,260,270,TRVGSLGWANK,11,0.5353,0.583,11,1,0,0.0,Unknown,999,LOW,0.2891,0.5353437582543674,,,,,18
LamB_ECOLI,43,52,GEQQCFQTTG,10,0.534,0.5668,10,1,0,0.0,Unknown,999,LOW,0.2849,0.5339977029187852,,,,,19
FimH_ECOLI,278,285,ARTGGQVT,8,0.5496,0.6017,8,1,0,0.0,Unknown,999,LOW,0.2809,0.5496202864606042,,,,,20
LamB_ECOLI,130,136,RFYQRHD,7,0.5663,0.5914,7,1,0,0.0,Unknown,999,LOW,0.2807,0.5662513766721166,,,,,21
OmpC_ECOLI,121,127,TRNYGVV,7,0.5632,0.6187,7,1,0,0.0,Unknown,999,LOW,0.2798,0.5632053273766972,,,,,22
PhoE_ECOLI,136,143,MLPEFGGD,8,0.5403,0.6002,8,1,0,0.0,Unknown,999,LOW,0.2781,0.5402807789406161,,,,,23
OmpC_ECOLI,137,144,LPEFGGDT,8,0.5363,0.5934,8,1,0,0.0,Unknown,999,LOW,0.2769,0.5362802218157766,,,,,24
LamB_ECOLI,141,148,DFYYWDIS,8,0.5354,0.5679,8,1,0,0.0,Unknown,999,LOW,0.2766,0.5354035091090468,,,,,25
OmpA_ECOLI,339,345,DVVTQPQ,7,0.5445,0.5625,7,1,0,0.0,Unknown,999,LOW,0.2742,0.5444866276748797,,,,,26
FimH_ECOLI,262,267,GAVGTS,6,0.5372,0.5508,6,1,0,0.0,Unknown,999,LOW,0.2662,0.5372290063229253,,,,,27
PhoE_ECOLI,25,29,YNKDG,5,0.5303,0.5512,5,1,0,0.0,Unknown,999,LOW,0.2574,0.5303458422703299,,,,,28
FimH_ECOLI,50,54,NVGQN,5,0.5299,0.5581,5,1,0,0.0,Unknown,999,LOW,0.2572,0.5299192210422384,,,,,29
OmpC_ECOLI,25,29,YNKDG,5,0.5274,0.5446,5,1,0,0.0,Unknown,999,LOW,0.2565,0.5273884849291045,,,,,30
